id,pop,lat,lon
CP0082,NT Darwin Harbour,-12.4635,130.8544
CP0083,NT Darwin Harbour,-12.4635,130.8544
CP0084,NT Darwin Harbour,-12.4635,130.8544
CP0085,NT Darwin Harbour,-12.4635,130.8544
CP0086,NT Darwin Harbour,-12.4635,130.8544
CP0087,NT Darwin Harbour,-12.4635,130.8544
CP0088,NT Darwin Harbour,-12.4635,130.8544
CP0089,NT Darwin Harbour,-12.4635,130.8544
CP0090,NT Darwin Harbour,-12.4635,130.8544
CP0091,NT Darwin Harbour,-12.4635,130.8544
CP0092,NT Darwin Harbour,-12.4635,130.8544
CP0093,NT Darwin Harbour,-12.4635,130.8544
CP0094,NT Darwin Harbour,-12.4635,130.8544
CP0095,NT Darwin Harbour,-12.4635,130.8544
CP0096,NT Darwin Harbour,-12.4635,130.8544
CP0097,NT Darwin Harbour,-12.4635,130.8544
CP0098,NT Darwin Harbour,-12.4635,130.8544
CP0099,NT Darwin Harbour,-12.4635,130.8544
CP0100,NT Darwin Harbour,-12.4635,130.8544
CP0101,NT Darwin Harbour,-12.4635,130.8544
CP0102,NT Darwin Harbour,-12.4635,130.8544
CP0103,NT Darwin Harbour,-12.4635,130.8544
CP0104,NT Darwin Harbour,-12.4635,130.8544
CP0105,NT Darwin Harbour,-12.4635,130.8544
CP0106,NT Darwin Harbour,-12.4635,130.8544
CP0107,NT Darwin Harbour,-12.4635,130.8544
CP0108,NT Darwin Harbour,-12.4635,130.8544
CP0109,NT Darwin Harbour,-12.4635,130.8544
CP0110,NT Darwin Harbour,-12.4635,130.8544
CP0111,NT Darwin Harbour,-12.4635,130.8544
CP0112,NT Darwin Harbour,-12.4635,130.8544
CP0113,NT Darwin Harbour,-12.4635,130.8544
CP0114,NT Darwin Harbour,-12.4635,130.8544
CP0115,NT Darwin Harbour,-12.4635,130.8544
CP0116,NT Darwin Harbour,-12.4635,130.8544
CP0117,NT Darwin Harbour,-12.4635,130.8544
CP0118,NT Darwin Harbour,-12.4635,130.8544
CP0119,NT Darwin Harbour,-12.4635,130.8544
CP0120,NT Darwin Harbour,-12.4635,130.8544
CP0121,NT Darwin Harbour,-12.4635,130.8544
CP0122,NT Darwin Harbour,-12.4635,130.8544
CP0123,NT Darwin Harbour,-12.4635,130.8544
CP0124,NT Darwin Harbour,-12.4635,130.8544
CP0125,NT Darwin Harbour,-12.4635,130.8544
CP0126,NT Darwin Harbour,-12.4635,130.8544
CP0127,NT Darwin Harbour,-12.4635,130.8544
CP0128,NT Darwin Harbour,-12.4635,130.8544
CP0129,NT Darwin Harbour,-12.4635,130.8544
CP0130,NT Darwin Harbour,-12.4635,130.8544
CP0131,NT Darwin Harbour,-12.4635,130.8544
CP0649,NT Darwin Harbour,-12.4635,130.8544
CP0650,NT Darwin Harbour,-12.4635,130.8544
CP0651,NT Darwin Harbour,-12.4635,130.8544
CP0652,NT Darwin Harbour,-12.4635,130.8544
CP0653,NT Darwin Harbour,-12.4635,130.8544
CP0654,NT Darwin Harbour,-12.4635,130.8544
CP0655,NT Darwin Harbour,-12.4635,130.8544
CP0656,NT Darwin Harbour,-12.4635,130.8544
CP0657,NT Darwin Harbour,-12.4635,130.8544
CP0658,NT Darwin Harbour,-12.4635,130.8544
CP0659,NT Darwin Harbour,-12.4635,130.8544
CP0660,NT Darwin Harbour,-12.4635,130.8544
CP0661,NT Darwin Harbour,-12.4635,130.8544
CP0662,NT Darwin Harbour,-12.4635,130.8544
CP0663,NT Darwin Harbour,-12.4635,130.8544
CP0664,NT Darwin Harbour,-12.4635,130.8544
CP0665,NT Darwin Harbour,-12.4635,130.8544
CP0666,NT Darwin Harbour,-12.4635,130.8544
CP0667,NT Darwin Harbour,-12.4635,130.8544
CP0668,NT Darwin Harbour,-12.4635,130.8544
CP0669,NT Darwin Harbour,-12.4635,130.8544
CP0670,NT Darwin Harbour,-12.4635,130.8544
CP0671,NT Darwin Harbour,-12.4635,130.8544
CP0674,NT Darwin Harbour,-12.4635,130.8544
CP0675,NT Darwin Harbour,-12.4635,130.8544
CP0676,NT Darwin Harbour,-12.4635,130.8544
CP0677,NT Darwin Harbour,-12.4635,130.8544
CP0678,NT Darwin Harbour,-12.4635,130.8544
CP0679,NT Darwin Harbour,-12.4635,130.8544
CP0680,NT Darwin Harbour,-12.4635,130.8544
CP0681,NT Darwin Harbour,-12.4635,130.8544
CP0682,NT Darwin Harbour,-12.4635,130.8544
CP0683,NT Darwin Harbour,-12.4635,130.8544
CP0684,NT Darwin Harbour,-12.4635,130.8544
CP0685,NT Darwin Harbour,-12.4635,130.8544
CP0686,NT Darwin Harbour,-12.4635,130.8544
CP0687,NT Darwin Harbour,-12.4635,130.8544
CP0688,NT Darwin Harbour,-12.4635,130.8544
CP0689,NT Darwin Harbour,-12.4635,130.8544
CP0690,NT Darwin Harbour,-12.4635,130.8544
CP0691,NT Darwin Harbour,-12.4635,130.8544
CP0692,NT Darwin Harbour,-12.4635,130.8544
CP0693,NT Darwin Harbour,-12.4635,130.8544
CP0694,NT Darwin Harbour,-12.4635,130.8544
CP0695,NT Darwin Harbour,-12.4635,130.8544
CP0696,NT Darwin Harbour,-12.4635,130.8544
CP0697,NT Darwin Harbour,-12.4635,130.8544
CP0698,NT Darwin Harbour,-12.4635,130.8544
CP0001,NT_Adelaide_Mary_Alligator,-12.74764666,131.2499588
CP0005,NT_Adelaide_Mary_Alligator,-12.33598069,131.8156489
CP0006,NT_Adelaide_Mary_Alligator,-12.33598069,131.8156489
CP0007,NT_Adelaide_Mary_Alligator,-12.74764666,131.2499588
CP0009,NT_Adelaide_Mary_Alligator,-12.33598069,131.8156489
CP0010,NT_Adelaide_Mary_Alligator,-12.33598069,131.8156489
CP0177,NT_Adelaide_Mary_Alligator,-12.81352763,131.3090591
CP0203,NT_Adelaide_Mary_Alligator,-12.656167,131.338883
CP0204,NT_Adelaide_Mary_Alligator,-12.656167,131.338883
CP0205,NT_Adelaide_Mary_Alligator,-12.60035,131.373683
CP0206,NT_Adelaide_Mary_Alligator,-12.654783,131.336333
CP0207,NT_Adelaide_Mary_Alligator,-12.631017,131.38915
CP0208,NT_Adelaide_Mary_Alligator,-12.631017,131.38915
CP0224,NT_Adelaide_Mary_Alligator,-12.33598069,131.8156489
CP0226,NT_Adelaide_Mary_Alligator,-12.33598069,131.8156489
CP0227,NT_Adelaide_Mary_Alligator,-12.33598069,131.8156489
CP0228,NT_Adelaide_Mary_Alligator,-12.33598069,131.8156489
CP0240,NT_Adelaide_Mary_Alligator,-12.33598069,131.8156489
CP0296,NT_Adelaide_Mary_Alligator,-12.81352763,131.3090591
CP0397,NT_Adelaide_Mary_Alligator,-12.54125,131.39525
CP0398,NT_Adelaide_Mary_Alligator,-12.64725,131.367
CP0399,NT_Adelaide_Mary_Alligator,-12.643611,131.349194
CP0401,NT_Adelaide_Mary_Alligator,-12.457583,131.330283
CP0512,NT_Adelaide_Mary_Alligator,-12.81352763,131.3090591
CP0530,NT_Adelaide_Mary_Alligator,-12.81352763,131.3090591
CP0561,NT_Adelaide_Mary_Alligator,-12.81352763,131.3090591
CP0569,NT_Adelaide_Mary_Alligator,-12.81352763,131.3090591
CP0721,NT_Adelaide_Mary_Alligator,-12.431,132.973
CP0722,NT_Adelaide_Mary_Alligator,-12.431,132.973
CP0723,NT_Adelaide_Mary_Alligator,-12.431,132.973
CP0725,NT_Adelaide_Mary_Alligator,-12.431,132.973
CP0726,NT_Adelaide_Mary_Alligator,-12.431,132.973
CP0748,NT_Adelaide_Mary_Alligator,-12.663,132.507
CP0749,NT_Adelaide_Mary_Alligator,-12.663,132.507
CP0750,NT_Adelaide_Mary_Alligator,-12.663,132.507
CP0751,NT_Adelaide_Mary_Alligator,-12.663,132.507
CP0752,NT_Adelaide_Mary_Alligator,-12.663,132.507
CP0753,NT_Adelaide_Mary_Alligator,-12.663,132.507
CP0754,NT_Adelaide_Mary_Alligator,-12.663,132.507
CP0755,NT_Adelaide_Mary_Alligator,-12.663,132.507
CP0756,NT_Adelaide_Mary_Alligator,-12.663,132.507
CP0758,NT_Adelaide_Mary_Alligator,-12.663,132.507
CP0760,NT_Adelaide_Mary_Alligator,-12.70238833,131.2785283
CP0761,NT_Adelaide_Mary_Alligator,-12.70238833,131.2785283
CP0769,NT_Adelaide_Mary_Alligator,-12.7476,131.25
CP0771,NT_Adelaide_Mary_Alligator,-12.72229,131.64274
CP0772,NT_Adelaide_Mary_Alligator,-12.717165,131.6402767
CP0773,NT_Adelaide_Mary_Alligator,-12.71662,131.640295
CP0774,NT_Adelaide_Mary_Alligator,-12.714185,131.640215
CP0775,NT_Adelaide_Mary_Alligator,-12.71212167,131.6385983
CP0776,NT_Adelaide_Mary_Alligator,-12.71136,131.640535
CP0777,NT_Adelaide_Mary_Alligator,-12.71120833,131.6558967
CP0778,NT_Adelaide_Mary_Alligator,-12.71140833,131.65697
CP0779,NT_Adelaide_Mary_Alligator,-12.71459167,131.6558067
CP0780,NT_Adelaide_Mary_Alligator,-12.71766833,131.6572633
CP0781,NT_Adelaide_Mary_Alligator,-12.707165,131.6426733
CP0782,NT_Adelaide_Mary_Alligator,-12.707165,131.6426733
CP0868,NT_Adelaide_Mary_Alligator,-12.336,131.8156
CP0869,NT_Adelaide_Mary_Alligator,-12.336,131.8156
CP0870,NT_Adelaide_Mary_Alligator,-12.336,131.8156
CP0878,NT_Adelaide_Mary_Alligator,-12.336,131.8156
CP1054,NT_Adelaide_Mary_Alligator,-12.683333,132.916667
CP1055,NT_Adelaide_Mary_Alligator,-12.683333,132.916667
CP0019,NT_Finniss_Reynolds_Daly,-13.40832901,130.5592432
CP0025,NT_Finniss_Reynolds_Daly,-13.40832901,130.5592432
CP0029,NT_Finniss_Reynolds_Daly,-13.21696003,130.5609178
CP0030,NT_Finniss_Reynolds_Daly,-13.40832901,130.5592432
CP0032,NT_Finniss_Reynolds_Daly,-12.94457164,130.4664594
CP0035,NT_Finniss_Reynolds_Daly,-13.40832901,130.5592432
CP0036,NT_Finniss_Reynolds_Daly,-13.40832901,130.5592432
CP0043,NT_Finniss_Reynolds_Daly,-13.40832901,130.5592432
CP0044,NT_Finniss_Reynolds_Daly,-13.1784934,130.3272816
CP0046,NT_Finniss_Reynolds_Daly,-13.40832901,130.5592432
CP0053,NT_Finniss_Reynolds_Daly,-13.1784934,130.3272816
CP0071,NT_Finniss_Reynolds_Daly,-13.40832901,130.5592432
CP0074,NT_Finniss_Reynolds_Daly,-12.94457164,130.4664594
CP0164,NT_Finniss_Reynolds_Daly,-12.94457164,130.4664594
CP0176,NT_Finniss_Reynolds_Daly,-13.1784934,130.3272816
CP0179,NT_Finniss_Reynolds_Daly,-13.91439276,130.5422068
CP0190,NT_Finniss_Reynolds_Daly,-13.40832901,130.5592432
CP0193,NT_Finniss_Reynolds_Daly,-13.1784934,130.3272816
CP0196,NT_Finniss_Reynolds_Daly,-13.40832901,130.5592432
CP0220,NT_Finniss_Reynolds_Daly,-13.01503483,130.3664984
CP0225,NT_Finniss_Reynolds_Daly,-13.01503483,130.3664984
CP0233,NT_Finniss_Reynolds_Daly,-13.01503483,130.3664984
CP0236,NT_Finniss_Reynolds_Daly,-13.01503483,130.3664984
CP0237,NT_Finniss_Reynolds_Daly,-13.01503483,130.3664984
CP0238,NT_Finniss_Reynolds_Daly,-13.01503483,130.3664984
CP0239,NT_Finniss_Reynolds_Daly,-13.01503483,130.3664984
CP0244,NT_Finniss_Reynolds_Daly,-13.40832901,130.5592432
CP0246,NT_Finniss_Reynolds_Daly,-13.40832901,130.5592432
CP0247,NT_Finniss_Reynolds_Daly,-13.40832901,130.5592432
CP0250,NT_Finniss_Reynolds_Daly,-13.1784934,130.3272816
CP0251,NT_Finniss_Reynolds_Daly,-13.40832901,130.5592432
CP0252,NT_Finniss_Reynolds_Daly,-13.91439276,130.5422068
CP0255,NT_Finniss_Reynolds_Daly,-13.1784934,130.3272816
CP0257,NT_Finniss_Reynolds_Daly,-13.1784934,130.3272816
CP0259,NT_Finniss_Reynolds_Daly,-13.1784934,130.3272816
CP0262,NT_Finniss_Reynolds_Daly,-13.1784934,130.3272816
CP0268,NT_Finniss_Reynolds_Daly,-13.1784934,130.3272816
CP0269,NT_Finniss_Reynolds_Daly,-13.40832901,130.5592432
CP0270,NT_Finniss_Reynolds_Daly,-13.40832901,130.5592432
CP0272,NT_Finniss_Reynolds_Daly,-13.1784934,130.3272816
CP0335,NT_Finniss_Reynolds_Daly,-13.408329,130.559243
CP0341,NT_Finniss_Reynolds_Daly,-13.21696003,130.5609178
CP0369,NT_Finniss_Reynolds_Daly,-12.8455,130.4439
CP0379,NT_Finniss_Reynolds_Daly,-13.1785,130.3273
CP0384,NT_Finniss_Reynolds_Daly,-13.21696003,130.5609178
CP0392,NT_Finniss_Reynolds_Daly,-12.944572,130.466459
CP0393,NT_Finniss_Reynolds_Daly,-13.1785,130.3273
CP0487,NT_Finniss_Reynolds_Daly,-13.40832901,130.5592432
CP0488,NT_Finniss_Reynolds_Daly,-13.1784934,130.3272816
CP0489,NT_Finniss_Reynolds_Daly,-13.21696003,130.5609178
CP0490,NT_Finniss_Reynolds_Daly,-13.21696003,130.5609178
CP0491,NT_Finniss_Reynolds_Daly,-13.21696003,130.5609178
CP0492,NT_Finniss_Reynolds_Daly,-12.94457164,130.4664594
CP0493,NT_Finniss_Reynolds_Daly,-13.91439276,130.5422068
CP0494,NT_Finniss_Reynolds_Daly,-13.40832901,130.5592432
CP0495,NT_Finniss_Reynolds_Daly,-13.40832901,130.5592432
CP0496,NT_Finniss_Reynolds_Daly,-12.94457164,130.4664594
CP0497,NT_Finniss_Reynolds_Daly,-13.91439276,130.5422068
CP0498,NT_Finniss_Reynolds_Daly,-13.40832901,130.5592432
CP0501,NT_Finniss_Reynolds_Daly,-13.91439276,130.5422068
CP0502,NT_Finniss_Reynolds_Daly,-13.1784934,130.3272816
CP0503,NT_Finniss_Reynolds_Daly,-13.217,130.5609
CP0505,NT_Finniss_Reynolds_Daly,-13.217,130.5609
CP0508,NT_Finniss_Reynolds_Daly,-13.1784934,130.3272816
CP0514,NT_Finniss_Reynolds_Daly,-13.91439276,130.5422068
CP0515,NT_Finniss_Reynolds_Daly,-13.40832901,130.5592432
CP0518,NT_Finniss_Reynolds_Daly,-13.1784934,130.3272816
CP0520,NT_Finniss_Reynolds_Daly,-13.91439276,130.5422068
CP0521,NT_Finniss_Reynolds_Daly,-12.94457164,130.4664594
CP0524,NT_Finniss_Reynolds_Daly,-12.94457164,130.4664594
CP0536,NT_Finniss_Reynolds_Daly,-13.1784934,130.3272816
CP0538,NT_Finniss_Reynolds_Daly,-12.94457164,130.4664594
CP0541,NT_Finniss_Reynolds_Daly,-13.1785,130.3273
CP0544,NT_Finniss_Reynolds_Daly,-12.94457164,130.4664594
CP0546,NT_Finniss_Reynolds_Daly,-12.94457164,130.4664594
CP0550,NT_Finniss_Reynolds_Daly,-12.94457164,130.4664594
CP0553,NT_Finniss_Reynolds_Daly,-12.94457164,130.4664594
CP0556,NT_Finniss_Reynolds_Daly,-12.94457164,130.4664594
CP0558,NT_Finniss_Reynolds_Daly,-13.1785,130.3273
CP0566,NT_Finniss_Reynolds_Daly,-12.9446,130.4665
CP0581,NT_Finniss_Reynolds_Daly,-12.9446,130.4665
CP0586,NT_Finniss_Reynolds_Daly,-13.40832901,130.5592432
CP0587,NT_Finniss_Reynolds_Daly,-13.40832901,130.5592432
CP0589,NT_Finniss_Reynolds_Daly,-13.40832901,130.5592432
CP0590,NT_Finniss_Reynolds_Daly,-12.9446,130.4665
CP0591,NT_Finniss_Reynolds_Daly,-13.1784934,130.3272816
CP0593,NT_Finniss_Reynolds_Daly,-13.40832901,130.5592432
CP0594,NT_Finniss_Reynolds_Daly,-13.40832901,130.5592432
CP0596,NT_Finniss_Reynolds_Daly,-13.1784934,130.3272816
CP0597,NT_Finniss_Reynolds_Daly,-13.40832901,130.5592432
CP0598,NT_Finniss_Reynolds_Daly,-13.1784934,130.3272816
CP0599,NT_Finniss_Reynolds_Daly,-13.40832901,130.5592432
CP0600,NT_Finniss_Reynolds_Daly,-13.40832901,130.5592432
CP0601,NT_Finniss_Reynolds_Daly,-13.40832901,130.5592432
CP0602,NT_Finniss_Reynolds_Daly,-13.40832901,130.5592432
CP0605,NT_Finniss_Reynolds_Daly,-13.40832901,130.5592432
CP0606,NT_Finniss_Reynolds_Daly,-13.40832901,130.5592432
CP0608,NT_Finniss_Reynolds_Daly,-13.1784934,130.3272816
CP0621,NT_Finniss_Reynolds_Daly,-13.40832901,130.5592432
CP0629,NT_Finniss_Reynolds_Daly,-13.40832901,130.5592432
CP0631,NT_Finniss_Reynolds_Daly,-12.94457164,130.4664594
CP0637,NT_Finniss_Reynolds_Daly,-13.40832901,130.5592432
CP0639,NT_Finniss_Reynolds_Daly,-13.1784934,130.3272816
CP0640,NT_Finniss_Reynolds_Daly,-13.40832901,130.5592432
CP0641,NT_Finniss_Reynolds_Daly,-13.40832901,130.5592432
CP0642,NT_Finniss_Reynolds_Daly,-13.1784934,130.3272816
CP0643,NT_Finniss_Reynolds_Daly,-13.1784934,130.3272816
CP0644,NT_Finniss_Reynolds_Daly,-13.40832901,130.5592432
CP0645,NT_Finniss_Reynolds_Daly,-13.217,130.5609
CP0646,NT_Finniss_Reynolds_Daly,-13.217,130.5609
CP0648,NT_Finniss_Reynolds_Daly,-12.944572,130.466459
CP0813,NT_Finniss_Reynolds_Daly,-13.1785,130.3273
CP0814,NT_Finniss_Reynolds_Daly,-13.9144,130.5422
CP0815,NT_Finniss_Reynolds_Daly,-13.1785,130.3273
CP0826,NT_Finniss_Reynolds_Daly,-12.8455,130.4439
CP0845,NT_Finniss_Reynolds_Daly,-13.1785,130.3273
CP0860,NT_Finniss_Reynolds_Daly,-13.1785,130.3273
CP0861,NT_Finniss_Reynolds_Daly,-13.4083,130.5592
CP0863,NT_Finniss_Reynolds_Daly,-13.015,130.3665
CP0867,NT_Finniss_Reynolds_Daly,-13.015,130.3665
CP0873,NT_Finniss_Reynolds_Daly,-13.015,130.3665
CP0874,NT_Finniss_Reynolds_Daly,-13.015,130.3665
CP0892,NT_Finniss_Reynolds_Daly,-13.72960301,130.092767
CP0893,NT_Finniss_Reynolds_Daly,-13.72960301,130.092767
CP0894,NT_Finniss_Reynolds_Daly,-13.72960301,130.092767
CP0895,NT_Finniss_Reynolds_Daly,-13.72960301,130.092767
CP0020,NT_Maningrida_Region,-12.16807508,134.309326
CP0023,NT_Maningrida_Region,-12.16807508,134.309326
CP0033,NT_Maningrida_Region,-12.16807508,134.309326
CP0034,NT_Maningrida_Region,-11.88926302,133.7421273
CP0037,NT_Maningrida_Region,-12.16807508,134.309326
CP0057,NT_Maningrida_Region,-11.88926302,133.7421273
CP0066,NT_Maningrida_Region,-11.88926302,133.7421273
CP0165,NT_Maningrida_Region,-12.16807508,134.309326
CP0170,NT_Maningrida_Region,-11.88926302,133.7421273
CP0171,NT_Maningrida_Region,-12.16807508,134.309326
CP0186,NT_Maningrida_Region,-12.16807508,134.309326
CP0191,NT_Maningrida_Region,-12.16807508,134.309326
CP0245,NT_Maningrida_Region,-12.16807508,134.309326
CP0253,NT_Maningrida_Region,-12.16807508,134.309326
CP0263,NT_Maningrida_Region,-11.88926302,133.7421273
CP0297,NT_Maningrida_Region,-12.16807508,134.309326
CP0300,NT_Maningrida_Region,-11.88926302,133.7421273
CP0301,NT_Maningrida_Region,-11.88926302,133.7421273
CP0308,NT_Maningrida_Region,-11.88926302,133.7421273
CP0329,NT_Maningrida_Region,-12.16807508,134.309326
CP0331,NT_Maningrida_Region,-11.88926302,133.7421273
CP0337,NT_Maningrida_Region,-12.16807508,134.309326
CP0338,NT_Maningrida_Region,-12.16807508,134.309326
CP0340,NT_Maningrida_Region,-12.16807508,134.309326
CP0342,NT_Maningrida_Region,-12.16807508,134.309326
CP0360,NT_Maningrida_Region,-11.88926302,133.7421273
CP0374,NT_Maningrida_Region,-12.16807508,134.309326
CP0380,NT_Maningrida_Region,-11.88926302,133.7421273
CP0513,NT_Maningrida_Region,-12.16807508,134.309326
CP0516,NT_Maningrida_Region,-11.8893,133.7421
CP0522,NT_Maningrida_Region,-11.88926302,133.7421273
CP0534,NT_Maningrida_Region,-12.16807508,134.309326
CP0540,NT_Maningrida_Region,-12.16807508,134.309326
CP0545,NT_Maningrida_Region,-12.16807508,134.309326
CP0559,NT_Maningrida_Region,-12.16807508,134.309326
CP0562,NT_Maningrida_Region,-11.88926302,133.7421273
CP0571,NT_Maningrida_Region,-11.8893,133.7421
CP0577,NT_Maningrida_Region,-11.8893,133.7421
CP0620,NT_Maningrida_Region,-12.16807508,134.309326
CP0635,NT_Maningrida_Region,-11.88926302,133.7421273
CP0026,NT_NE_Arnhem_(Goyder),-12.52722435,135.005715
CP0027,NT_NE_Arnhem_(Goyder),-12.52722435,135.005715
CP0028,NT_NE_Arnhem_(Goyder),-12.52722435,135.005715
CP0031,NT_NE_Arnhem_(Goyder),-12.52722435,135.005715
CP0040,NT_NE_Arnhem_(Goyder),-12.52722435,135.005715
CP0042,NT_NE_Arnhem_(Goyder),-12.52722435,135.005715
CP0045,NT_NE_Arnhem_(Goyder),-12.52722435,135.005715
CP0047,NT_NE_Arnhem_(Goyder),-12.52722435,135.005715
CP0051,NT_NE_Arnhem_(Goyder),-12.52722435,135.005715
CP0055,NT_NE_Arnhem_(Goyder),-12.52722435,135.005715
CP0063,NT_NE_Arnhem_(Goyder),-12.52722435,135.005715
CP0065,NT_NE_Arnhem_(Goyder),-12.52722435,135.005715
CP0070,NT_NE_Arnhem_(Goyder),-12.52722435,135.005715
CP0072,NT_NE_Arnhem_(Goyder),-12.52722435,135.005715
CP0075,NT_NE_Arnhem_(Goyder),-12.52722435,135.005715
CP0076,NT_NE_Arnhem_(Goyder),-12.52722435,135.005715
CP0077,NT_NE_Arnhem_(Goyder),-12.52722435,135.005715
CP0163,NT_NE_Arnhem_(Goyder),-12.52722435,135.005715
CP0166,NT_NE_Arnhem_(Goyder),-12.52722435,135.005715
CP0168,NT_NE_Arnhem_(Goyder),-12.52722435,135.005715
CP0172,NT_NE_Arnhem_(Goyder),-12.52722435,135.005715
CP0173,NT_NE_Arnhem_(Goyder),-12.52722435,135.005715
CP0174,NT_NE_Arnhem_(Goyder),-12.52722435,135.005715
CP0175,NT_NE_Arnhem_(Goyder),-12.52722435,135.005715
CP0180,NT_NE_Arnhem_(Goyder),-12.52722435,135.005715
CP0181,NT_NE_Arnhem_(Goyder),-12.52722435,135.005715
CP0182,NT_NE_Arnhem_(Goyder),-12.52722435,135.005715
CP0183,NT_NE_Arnhem_(Goyder),-12.52722435,135.005715
CP0184,NT_NE_Arnhem_(Goyder),-12.52722435,135.005715
CP0187,NT_NE_Arnhem_(Goyder),-12.52722435,135.005715
CP0267,NT_NE_Arnhem_(Goyder),-12.52722435,135.005715
CP0271,NT_NE_Arnhem_(Goyder),-12.52722435,135.005715
CP0273,NT_NE_Arnhem_(Goyder),-12.52722435,135.005715
CP0275,NT_NE_Arnhem_(Goyder),-12.52722435,135.005715
CP0278,NT_NE_Arnhem_(Goyder),-12.52722435,135.005715
CP0281,NT_NE_Arnhem_(Goyder),-12.52722435,135.005715
CP0285,NT_NE_Arnhem_(Goyder),-12.52722435,135.005715
CP0286,NT_NE_Arnhem_(Goyder),-12.52722435,135.005715
CP0288,NT_NE_Arnhem_(Goyder),-12.52722435,135.005715
CP0291,NT_NE_Arnhem_(Goyder),-12.52722435,135.005715
CP0595,NT_NE_Arnhem_(Goyder),-12.52722435,135.005715
CP0614,NT_NE_Arnhem_(Goyder),-12.52722435,135.005715
CP0625,NT_NE_Arnhem_(Goyder),-12.52722435,135.005715
CP0633,NT_NE_Arnhem_(Goyder),-12.52722435,135.005715
CP0636,NT_NE_Arnhem_(Goyder),-12.52722435,135.005715
CP0021,NT_Tiwi_Islands,-11.55994974,130.8163359
CP0022,NT_Tiwi_Islands,-11.55994974,130.8163359
CP0024,NT_Tiwi_Islands,-11.55994974,130.8163359
CP0038,NT_Tiwi_Islands,-11.55994974,130.8163359
CP0039,NT_Tiwi_Islands,-11.55994974,130.8163359
CP0041,NT_Tiwi_Islands,-11.55994974,130.8163359
CP0048,NT_Tiwi_Islands,-11.55994974,130.8163359
CP0049,NT_Tiwi_Islands,-11.55994974,130.8163359
CP0050,NT_Tiwi_Islands,-11.55994974,130.8163359
CP0052,NT_Tiwi_Islands,-11.55994974,130.8163359
CP0054,NT_Tiwi_Islands,-11.55994974,130.8163359
CP0056,NT_Tiwi_Islands,-11.55994974,130.8163359
CP0064,NT_Tiwi_Islands,-11.55994974,130.8163359
CP0067,NT_Tiwi_Islands,-11.55994974,130.8163359
CP0068,NT_Tiwi_Islands,-11.55994974,130.8163359
CP0069,NT_Tiwi_Islands,-11.55994974,130.8163359
CP0073,NT_Tiwi_Islands,-11.55994974,130.8163359
CP0078,NT_Tiwi_Islands,-11.55994974,130.8163359
CP0167,NT_Tiwi_Islands,-11.55994974,130.8163359
CP0169,NT_Tiwi_Islands,-11.55994974,130.8163359
CP0178,NT_Tiwi_Islands,-11.55994974,130.8163359
CP0185,NT_Tiwi_Islands,-11.55994974,130.8163359
CP0188,NT_Tiwi_Islands,-11.55994974,130.8163359
CP0189,NT_Tiwi_Islands,-11.55994974,130.8163359
CP0192,NT_Tiwi_Islands,-11.55994974,130.8163359
CP0194,NT_Tiwi_Islands,-11.55994974,130.8163359
CP0195,NT_Tiwi_Islands,-11.55994974,130.8163359
CP0248,NT_Tiwi_Islands,-11.55994974,130.8163359
CP0249,NT_Tiwi_Islands,-11.55994974,130.8163359
CP0254,NT_Tiwi_Islands,-11.55994974,130.8163359
CP0256,NT_Tiwi_Islands,-11.55994974,130.8163359
CP0258,NT_Tiwi_Islands,-11.55994974,130.8163359
CP0260,NT_Tiwi_Islands,-11.55994974,130.8163359
CP0261,NT_Tiwi_Islands,-11.55994974,130.8163359
CP0264,NT_Tiwi_Islands,-11.55994974,130.8163359
CP0265,NT_Tiwi_Islands,-11.55994974,130.8163359
CP0266,NT_Tiwi_Islands,-11.55994974,130.8163359
CP0279,NT_Tiwi_Islands,-11.55994974,130.8163359
CP0282,NT_Tiwi_Islands,-11.55994974,130.8163359
Cpor1000,Qld_Cape_York,-12.6517,141.67199
Cpor1001,Qld_Cape_York,-12.6517,141.67199
Cpor1002,Qld_Cape_York,-12.6517,141.67199
Cpor1004,Qld_Cape_York,-12.6517,141.67199
Cpor1005,Qld_Cape_York,-12.6517,141.67199
Cpor1006,Qld_Cape_York,-12.6517,141.67199
Cpor1007,Qld_Cape_York,-12.6517,141.67199
Cpor1008,Qld_Cape_York,-12.6517,141.67199
Cpor1009,Qld_Cape_York,-12.6517,141.67199
Cpor1010,Qld_Cape_York,-12.6517,141.67199
Cpor1011,Qld_Cape_York,-12.6517,141.67199
Cpor1012,Qld_Cape_York,-12.6517,141.67199
Cpor1013,Qld_Cape_York,-12.6517,141.67199
Cpor1014,Qld_Cape_York,-12.6517,141.67199
Cpor1015,Qld_Cape_York,-12.6517,141.67199
Cpor1016,Qld_Cape_York,-12.6517,141.67199
Cpor1017,Qld_Cape_York,-12.6517,141.67199
Cpor1018,Qld_Cape_York,-12.6517,141.67199
Cpor1019,Qld_Cape_York,-12.6517,141.67199
Cpor1020,Qld_Cape_York,-12.6517,141.67199
Cpor1021,Qld_Cape_York,-12.6517,141.67199
Cpor1022,Qld_Cape_York,-12.6517,141.67199
Cpor1023,Qld_Cape_York,-12.6517,141.67199
Cpor1024,Qld_Cape_York,-12.6517,141.67199
Cpor1025,Qld_Cape_York,-12.6517,141.67199
Cpor1026,Qld_Cape_York,-12.6517,141.67199
Cpor1027,Qld_Cape_York,-12.6517,141.67199
Cpor1028,Qld_Cape_York,-12.6517,141.67199
Cpor1029,Qld_Cape_York,-12.6517,141.67199
Cpor1030,Qld_Cape_York,-12.6517,141.67199
Cpor1031,Qld_Cape_York,-12.6517,141.67199
Cpor1032,Qld_Cape_York,-12.6517,141.67199
Cpor1033,Qld_Cape_York,-12.6517,141.67199
Cpor1034,Qld_Cape_York,-12.6517,141.67199
Cpor1035,Qld_Cape_York,-12.6517,141.67199
Cpor1036,Qld_Cape_York,-12.6517,141.67199
Cpor1037,Qld_Cape_York,-12.6517,141.67199
Cpor1038,Qld_Cape_York,-12.6517,141.67199
Cpor1039,Qld_Cape_York,-12.6517,141.67199
Cpor1040,Qld_Cape_York,-12.6517,141.67199
Cpor1041,Qld_Cape_York,-12.6517,141.67199
Cpor1042,Qld_Cape_York,-12.6517,141.67199
Cpor1043,Qld_Cape_York,-12.6517,141.67199
Cpor1044,Qld_Cape_York,-12.6517,141.67199
Cpor1045,Qld_Cape_York,-12.6517,141.67199
Cpor1046,Qld_Cape_York,-12.6517,141.67199
Cpor1047,Qld_Cape_York,-12.6517,141.67199
Cpor1048,Qld_Cape_York,-12.6517,141.67199
Cpor1049,Qld_Cape_York,-12.6517,141.67199
Cpor1050,Qld_Cape_York,-12.6517,141.67199
Cpor1051,Qld_Cape_York,-12.6517,141.67199
Cpor1053,Qld_Cape_York,-12.6517,141.67199
Cpor1054,Qld_Cape_York,-12.6517,141.67199
Cpor1055,Qld_Cape_York,-12.6517,141.67199
Cpor1056,Qld_Cape_York,-12.6517,141.67199
Cpor1057,Qld_Cape_York,-12.6517,141.67199
Cpor1058,Qld_Cape_York,-12.6517,141.67199
Cpor1059,Qld_Cape_York,-12.6517,141.67199
Cpor1060,Qld_Cape_York,-12.6517,141.67199
Cpor1061,Qld_Cape_York,-12.6517,141.67199
Cpor1062,Qld_Cape_York,-12.6517,141.67199
Cpor1063,Qld_Cape_York,-12.6517,141.67199
Cpor1064,Qld_Cape_York,-12.6517,141.67199
Cpor1065,Qld_Cape_York,-12.6517,141.67199
Cpor1066,Qld_Cape_York,-12.6517,141.67199
Cpor1067,Qld_Cape_York,-12.6517,141.67199
Cpor1068,Qld_Cape_York,-12.6517,141.67199
Cpor1069,Qld_Cape_York,-12.6517,141.67199
Cpor1070,Qld_Cape_York,-12.6517,141.67199
Cpor1071,Qld_Cape_York,-12.6517,141.67199
Cpor1072,Qld_Cape_York,-12.6517,141.67199
Cpor1073,Qld_Cape_York,-12.6517,141.67199
Cpor1074,Qld_Cape_York,-12.6517,141.67199
Cpor1075,Qld_Cape_York,-12.6517,141.67199
Cpor1076,Qld_Cape_York,-12.6517,141.67199
Cpor1077,Qld_Cape_York,-12.6517,141.67199
Cpor1078,Qld_Cape_York,-12.6517,141.67199
Cpor1079,Qld_Cape_York,-12.6517,141.67199
Cpor1080,Qld_Cape_York,-12.6517,141.67199
Cpor1081,Qld_Cape_York,-12.6517,141.67199
Cpor1082,Qld_Cape_York,-12.6517,141.67199
Cpor1084,Qld_Cape_York,-12.6517,141.67199
Cpor1085,Qld_Cape_York,-12.6517,141.67199
Cpor1086,Qld_Cape_York,-12.6517,141.67199
Cpor1087,Qld_Cape_York,-12.6517,141.67199
Cpor1088,Qld_Cape_York,-12.6517,141.67199
Cpor1089,Qld_Cape_York,-12.6517,141.67199
Cpor1090,Qld_Cape_York,-12.6517,141.67199
Cpor1091,Qld_Cape_York,-12.6517,141.67199
Cpor1092,Qld_Cape_York,-12.6517,141.67199
Cpor1093,Qld_Cape_York,-12.6517,141.67199
Cpor1094,Qld_Cape_York,-12.6517,141.67199
CP0406,WA_West_Kimberley,-15.67614398,125.3937162
CP0409,WA_West_Kimberley,-15.50309397,124.9919642
CP0411,WA_West_Kimberley,-15.48651855,125.0004575
CP0413,WA_West_Kimberley,-15.49844323,124.9999309
CP0414,WA_West_Kimberley,-15.49212503,125.0009731
CP0415,WA_West_Kimberley,-15.33690862,125.1168565
CP0418,WA_West_Kimberley,-15.27520415,125.0909811
CP0419,WA_West_Kimberley,-15.49983387,124.9963546
CP0421,WA_West_Kimberley,-15.29838765,125.1042665
CP0422,WA_West_Kimberley,-15.32990199,125.1582235
CP0423,WA_West_Kimberley,-15.6222286,125.3054531
CP0425,WA_West_Kimberley,-15.60404557,125.2830617
CP0427,WA_West_Kimberley,-15.67520638,125.3920797
CP0428,WA_West_Kimberley,-15.49246618,125.0010772
CP0429,WA_West_Kimberley,-15.32482184,125.1496143
CP0430,WA_West_Kimberley,-15.32575511,125.1430871
CP0431,WA_West_Kimberley,-15.34109316,125.1436248
CP0432,WA_West_Kimberley,-15.4996361,125.0661831
CP0433,WA_West_Kimberley,-15.50633513,124.9874203
CP0442,WA_West_Kimberley,-15.20632565,125.5464604
CP0443,WA_West_Kimberley,-15.19935417,125.3499894
CP0444,WA_West_Kimberley,-15.15753832,125.4092502
CP0445,WA_West_Kimberley,-14.97110447,125.4001853
CP0447,WA_West_Kimberley,-15.20034617,125.3430487
CP0449,WA_West_Kimberley,-15.0608687,125.4172085
CP0450,WA_West_Kimberley,-15.16076418,125.4087952
CP0451,WA_West_Kimberley,-15.20447802,125.3496801
CP0454,WA_West_Kimberley,-14.9736933,125.4925451
CP0455,WA_West_Kimberley,-15.00528683,125.4761381
CP0457,WA_West_Kimberley,-14.96054263,125.401471
CP0458,WA_West_Kimberley,-15.15097428,125.4042944
CP0459,WA_West_Kimberley,-15.1002455,125.410685
CP0461,WA_West_Kimberley,-15.23534049,125.5473219
CP0462,WA_West_Kimberley,-15.26320554,125.5586238
CP0464,WA_West_Kimberley,-15.00940682,125.4120498
CP0466,WA_West_Kimberley,-15.14635192,125.4812346
CP0469,WA_West_Kimberley,-14.96234798,125.4019408
CP0471,WA_West_Kimberley,-15.089604,125.4073172
CP0473,WA_West_Kimberley,-15.13951874,125.438388
