id,pop,lat,lon
ornatum_100836,kimberley,-17.0681,125.2478
ornatum_100845,ord,-15.7694,128.7825
ornatum_100854,ord,-15.6297,129.0028
ornatum_100856,ord,-15.6667,128.6833
ornatum_100865,kimberley,-14.8333,125.7333
ornatum_100873,kimberley,-14.9975,125.5019
ornatum_100948,kimberley,-15.72932,128.26559
ornatum_102481,kimberley,-16.4181,126.1028
ornatum_102573,top_end,-16.1042,136.1836
ornatum_102599,top_end,-16.7261,135.7308
ornatum_102904,top_end,-18.6892,139.4675
ornatum_11789,top_end,-12.7,132.93
ornatum_11905,top_end,-17.33,138.25
ornatum_127755,top_end,-18.59547129,138.1166805
ornatum_131737,kimberley,-14.78984,126.50183
ornatum_131757,kimberley,-14.79681,126.79681
ornatum_131770,kimberley,-14.7968,126.93219
ornatum_131774,kimberley,-14.78,126.499
ornatum_131870,kimberley,-14.77614,127.09767
ornatum_132671,top_end,-14.30785,135.06097
ornatum_135865,kimberley,-16.29405556,127.1982778
ornatum_14769,ord,-16.25,128.75
ornatum_17583,ord,-17.52,128.23
ornatum_28518,top_end,-12.3,134.43
ornatum_29496,top_end,-13.12054045,130.823324
ornatum_29963,top_end,-11.6053,130.7119
ornatum_30607,top_end,-16.8547,130.2256
ornatum_30636,top_end,-13.98,132.72
ornatum_86489,kimberley,-17.75208047,126.3764602
ornatum_93229,ord,-15.98032715,128.9469636
ornatum_93263,ord,-16.03381371,129.3072055
ornatum_93283,top_end,-15.60579595,131.0791821
ornatum_93391,top_end,-13.12054045,130.823324
ornatum_WAM163488,kimberley,-16.5744,122.8006
ornatum_WAM164713,kimberley,-18.7061,125.7808
